name,source,mime_type,doc_type
PH-25578-P-4110006-001.pdf,Open Industry Data,application/pdf,PNID
PH-25578-P-4110010-001.pdf,Open Industry Data,application/pdf,PNID
PH-25578-P-4110119-001.pdf,Open Industry Data,application/pdf,PNID
PH-ME-P-0003-001.pdf,Open Industry Data,application/pdf,PNID
PH-ME-P-0004-001.pdf,Open Industry Data,application/pdf,PNID
PH-ME-P-0151-001.pdf,Open Industry Data,application/pdf,PNID
PH-ME-P-0152-001.pdf,Open Industry Data,application/pdf,PNID
PH-ME-P-0153-001.pdf,Open Industry Data,application/pdf,PNID
PH-ME-P-0156-001.pdf,Open Industry Data,application/pdf,PNID
PH-ME-P-0156-002.pdf,Open Industry Data,application/pdf,PNID
PH-ME-P-0160-001.pdf,Open Industry Data,application/pdf,PNID
