Id,Name,ParentName,ParentID,ParentExternalID,Description,ExternalID,DataSet,Metadata
0,Robot Garden,,,,,RG-Robot Garden,6163035228270315,
1,Robot Garden Fornebu,Robot Garden,0,RG-Robot Garden,,RG-Robot Garden Fornebu,7217048306130760,
2,TESS Charging container,Robot Garden Fornebu,1,RG-Robot Garden Fornebu,,RG-TESS Charging container,7217048306130760,
3,Black stairs,Robot Garden Fornebu,1,RG-Robot Garden Fornebu,,RG-Black stairs,7217048306130760,
4,White stairs,Robot Garden Fornebu,1,RG-Robot Garden Fornebu,,RG-White stairs,7217048306130760,
5,Ramp,Robot Garden Fornebu,1,RG-Robot Garden Fornebu,,RG-Ramp,7217048306130760,
6,TESS Dieseltank,Robot Garden Fornebu,1,RG-Robot Garden Fornebu,,RG-TESS Dieseltank,7217048306130760,
7,Red valve,TESS Dieseltank,6,RG-TESS Dieseltank,,RG-Red valve,7217048306130760,
8,Black valve,TESS Dieseltank,6,RG-TESS Dieseltank,,RG-Black valve,7217048306130760,
9,Ventilation pipe,TESS Dieseltank,6,RG-TESS Dieseltank,,RG-Ventilation pipe,7217048306130760,
10,Bolted lid,TESS Dieseltank,6,RG-TESS Dieseltank,,RG-Bolted lid,7217048306130760,
11,TESS Simulation panel,TESS Charging container,2,RG-TESS Charging container,,RG-TESS Simulation panel,7217048306130760,
12,Pipe: Water leak,TESS Simulation panel,11,RG-TESS Simulation panel,,RG-Pipe: Water leak,7217048306130760,"{""Tess Hose Mangement ID"": ""Slange_1_RobotGarden""}"
13,Pipe: Gas leak,TESS Simulation panel,11,RG-TESS Simulation panel,,RG-Pipe: Gas leak,7217048306130760,
14,PT-Gas-leak-Pipe,Pipe: Gas leak,13,RG-Pipe: Gas leak,Pressure gauge mounted on leaking pipe,RG-PT-Gas-leak-Pipe,7217048306130760,"{""Tess Hose Mangement ID"": ""Slange_3_RobotGarden""}"
15,Compressor,Pipe: Gas leak,13,RG-Pipe: Gas leak,,RG-Compressor,7217048306130760,
16,PT-Compressor,Compressor,15,RG-Compressor,Pressure gauge mounted on compressor,RG-PT-Compressor,7217048306130760,
17,Pipe: Bearing failure,TESS Simulation panel,11,RG-TESS Simulation panel,,RG-Pipe: Bearing failure,7217048306130760,"{""Tess Hose Mangement ID"": ""Slange_7_RobotGarden""}"
18,Pipe: Oil leak,TESS Simulation panel,11,RG-TESS Simulation panel,,RG-Pipe: Oil leak,7217048306130760,
19,Pipe: Hot spot,TESS Simulation panel,11,RG-TESS Simulation panel,,RG-Pipe: Hot spot,7217048306130760,"{""Tess Hose Mangement ID"": ""Slange_8_RobotGarden""}"
20,Drip tray,TESS Simulation panel,11,RG-TESS Simulation panel,,RG-Drip tray,7217048306130760,
21,Gyda orange tank,Robot Garden Fornebu,1,RG-Robot Garden Fornebu,,RG-Gyda orange tank,7217048306130760,
22,PT-Small,Gyda orange tank,21,RG-Gyda orange tank,Pressure gauge mounted on the orange tank,RG-PT-Small,7217048306130760,
23,PT-Large,Gyda orange tank,21,RG-Gyda orange tank,Pressure gauge mounted on the orange tank,RG-PT-Large,7217048306130760,
24,Gyda pipe section,Robot Garden Fornebu,1,RG-Robot Garden Fornebu,,RG-Gyda pipe section,7217048306130760,
25,Valve,Gyda pipe section,24,RG-Gyda pipe section,,RG-Valve,7217048306130760,
26,Flange A,Gyda pipe section,24,RG-Gyda pipe section,,RG-Flange A,7217048306130760,
27,Flange B,Gyda pipe section,24,RG-Gyda pipe section,,RG-Flange B,7217048306130760,
28,Fuglesangs pump,Robot Garden Fornebu,1,RG-Robot Garden Fornebu,,RG-Fuglesangs pump,7217048306130760,
29,Motor,Fuglesangs pump,28,RG-Fuglesangs pump,,RG-Motor,7217048306130760,
30,Pump,Fuglesangs pump,28,RG-Fuglesangs pump,,RG-Pump,7217048306130760,
31,Blue valve,Fuglesangs pump,28,RG-Fuglesangs pump,,RG-Blue valve,7217048306130760,
32,White basin,Robot Garden Fornebu,1,RG-Robot Garden Fornebu,,RG-White basin,7217048306130760,
33,Valve,White basin,32,RG-White basin,,RG-Valve,7217048306130760,
34,Outlet,White basin,32,RG-White basin,,RG-Outlet,7217048306130760,
35,Gyda corroded pipes,Robot Garden Fornebu,1,RG-Robot Garden Fornebu,,RG-Gyda corroded pipes,7217048306130760,
36,Pipe A,Gyda corroded pipes,35,RG-Gyda corroded pipes,,RG-Pipe A,7217048306130760,
37,Pipe B,Gyda corroded pipes,35,RG-Gyda corroded pipes,,RG-Pipe B,7217048306130760,
38,Wind turbine 100W,Robot Garden Fornebu,1,RG-Robot Garden Fornebu,,RG-Wind turbine 100W,7217048306130760,
39,Solar panels,Robot Garden Fornebu,1,RG-Robot Garden Fornebu,,RG-Solar panels,7217048306130760,
40,Left solar panel,Solar panels,39,RG-Solar panels,,RG-Left solar panel,7217048306130760,
41,Right solar panel,Solar panels,39,RG-Solar panels,,RG-Right solar panel,7217048306130760,
42,Fuglesangs oil barrel,Robot Garden Fornebu,1,RG-Robot Garden Fornebu,,RG-Fuglesangs oil barrel,7217048306130760,
43,Oil barrel,Fuglesangs oil barrel,42,RG-Fuglesangs oil barrel,,RG-Oil barrel,7217048306130760,
44,Pump,Fuglesangs oil barrel,42,RG-Fuglesangs oil barrel,,RG-Pump,7217048306130760,
45,Satema power transformer,Robot Garden Fornebu,1,RG-Robot Garden Fornebu,,RG-Satema power transformer,7217048306130760,
46,Axis IP camera - outdoor,Black stairs,3,RG-Black stairs,,RG-Axis IP camera - outdoor,7217048306130760,
47,Ubiquiti radio antenna,TESS Charging container,2,RG-TESS Charging container,,RG-Ubiquiti radio antenna,7217048306130760,
48,Axis IP camera - indoor,TESS Charging container,2,RG-TESS Charging container,,RG-Axis IP camera - indoor,7217048306130760,
49,Boston Dynamics docking station,TESS Charging container,2,RG-TESS Charging container,,RG-Boston Dynamics docking station,7217048306130760,
50,Satema power output,TESS Charging container,2,RG-TESS Charging container,,RG-Satema power output,7217048306130760,
51,Cabinet,TESS Charging container,2,RG-TESS Charging container,,RG-Cabinet,7217048306130760,
52,Shelf,TESS Charging container,2,RG-TESS Charging container,,RG-Shelf,7217048306130760,
53,Gyda separator,Robot Garden Fornebu,1,RG-Robot Garden Fornebu,,RG-Gyda separator,7217048306130760,
